trial,odour,conc,percent,gb,normalized
1,2-Hydroxyhexanoic Acid (DCM),0.01,53.56106317,Good,13.29720866
1,2-Hydroxyhexanoic Acid (DCM),0.1,142.5359958,Good,129.8422834
1,2-Hydroxyhexanoic Acid (DCM),1,157.8909218,Good,136.6651364
1,Methyl Palmitate,0.01,137.7044874,Good,127.3807253
1,Hexane,0,100,Good,100
1,Methyl Oleate,10,202.7436997,Good,150.6766424
1,1-Hexadecanol,0.01,181.2232384,Good,144.8194388
1,Methyl Palmitate,1,133.0658584,Good,124.8492429
1,Heptadecane,0.01,44.05634857,Good,-26.98204289
1,Heptadecane,0.1,153.7253428,Good,134.9489172
1,Heptadecane,1,63.77088069,Good,43.18861694
1,Methyl Palmitate,0.01,38.31861118,Good,-60.9697923
1,Methyl Palmitate,0.1,20.39028306,Good,-290.4296802
1,Methyl Palmitate,1,72.76770628,Good,62.57640221
1,Methyl Palmitate,10,50.43636496,Good,1.730358498
1,2-Heptanol,0.1,17.58721119,Good,-368.5949803
1,Hexane,0,100,Good,100
1,Methyl Palmitate,0.1,140.5745531,Good,128.8633698
1,Methyl Palmitate,1,279.5553415,Good,164.2289074
1,2-Nonanal,0.01,194.5833588,Good,148.6081438
1,2-Nonanal,0.1,79.89463697,Good,74.83515316
1,2-Nonanal,1,285.4040613,Good,164.9619562
1,2-Nonanal,10,405.981937,Good,175.3683623
1,Hexane,0,100,Good,100
1,Methyl Palmitate,0.01,628.7745705,Good,184.0960489
1,Methyl Palmitate,0.1,272.9760942,Good,163.3667555
1,Methyl Palmitate,1,34.36477401,Good,-90.99565724
2,Hexane,0,100,Good,100
2,Methyl Palmitate,0.01,2507.582318,Good,196.012095
2,Methyl Palmitate,0.1,1652.883959,Good,193.9499685
2,Methyl Palmitate,1,1144.612984,Good,191.2634225
2,Hexadecanal,0.01,743.6236339,Good,186.552337
2,Hexadecanal,0.1,754.3057262,Good,186.742776
2,Hexadecanal,1,609.6163345,Good,183.5962401
2,Heptadecane,0.01,869.3131184,Good,188.496665
2,Heptadecane,0.1,454.4771045,Good,177.9966914
2,Heptadecane,1,28.97249672,Bad,-145.1549273
2,Methyl Palmitate,0.1,93.17309273,Bad,92.67287682
2,Methyl Palmitate,10,628.7589845,Good,184.0956547
2,2-Nonanal,0.01,183.9187708,Bad,145.6281708
2,2-Nonanal,0.1,63.65961339,Bad,42.91453455
2,2-Nonanal,1,39.77840904,Bad,-51.39265854
2,Methyl Palmitate,0.01,37.90418138,Bad,-63.82313605
2,Methyl Palmitate,0.1,203.7416895,Bad,150.9182435
2,Methyl Palmitate,1,39.91356443,Bad,-50.54139221
2,Methyl Palmitate,10,364.103026,Good,172.5352461
2,2-Heptanol,0.01,102.4963878,Bad,102.4355861
2,2-Heptanol,0.1,236.0270796,Bad,157.6319801
2,2-Heptanol,1,181.0016172,Good,144.7518749
2,2-Heptanol,10,40.03133508,Bad,-49.80430906
2,Hexane,0,100,Good,100
2,Methyl Palmitate,0.01,23.09023242,Good,-233.0835575
2,Methyl Palmitate,0.1,147.861111,Bad,132.3689648
2,Methyl Palmitate,1,23.16111992,Bad,-231.7580512
2,Methyl Palmitate,10,59.72440853,Bad,32.56426902
4,Hexane,0,100,Good,100
4,Methyl Palmitate,0.01,86.92053863,Good,84.95239263
4,Methyl Palmitate,0.1,84.02953064,Good,80.99421805
4,Methyl Palmitate,1,88.12263934,Good,86.52178288
4,Methyl Palmitate,10,117.8113244,Good,115.1185164
4,Heptadecane,0.01,102.1292374,Good,102.0848461
4,Heptadecane,0.1,94.74877289,Good,94.45773602
4,Heptadecane,1,75.4396629,Good,67.44373429
4,Heptadecane,10,80.02865341,Good,75.04475492
4,2-Heptanol,0.01,68.90387744,Good,54.87028637
4,2-Heptanol,0.1,70.07318439,Good,57.29205706
4,2-Heptanol,1,102.0085288,Good,101.9689813
4,2-Heptanol,10,71.77986556,Good,60.68516677
4,Octanoic Acid,0.01,72.58537593,Good,62.23120193
4,Octanoic Acid,0.1,87.1564354,Good,85.26377939
4,Octanoic Acid,1,82.77091274,Good,79.18461125
4,Octanoic Acid,10,92.34327946,Good,91.70841605
4,2-Nonanal,0.01,63.86954644,Good,43.43085935
4,2-Nonanal,0.1,106.7600968,Good,106.3320445
4,2-Nonanal,1,59.03030429,Good,30.59548618
4,2-Nonanal,10,64.48471798,Good,44.9244982
4,Hexane,0,100,Good,100
4,Methyl Palmitate,0.01,88.47904449,Good,86.97888796
4,Methyl Palmitate,0.1,71.15624191,Good,59.4641913
4,Methyl Palmitate,1,83.40352444,Good,80.10099012
4,Methyl Palmitate,10,100.2537644,Good,100.2531221
4,1-Hexadecanol,0.01,115.3561017,Good,113.3119111
4,1-Hexadecanol,0.1,58.40043242,Good,28.76839118
4,1-Hexadecanol,0.1,66.76467386,Good,50.22019247
4,1-Hexadecanol,1,73.08162785,Good,63.16670422
4,1-Hexadecanol,10,61.51152878,Good,37.42884954
4,2-Hydroxyhexanoic Acid (DCM),0.01,66.54355622,Good,49.72248902
4,2-Hydroxyhexanoic Acid (DCM),0.1,67.58682621,Good,52.04217212
4,2-Hydroxyhexanoic Acid (DCM),1,77.42986743,Good,70.85087018
4,2-Hydroxyhexanoic Acid (DCM),10,58.21409835,Good,28.22030602
4,Methyl Oleate,0.01,45.26256912,Good,-20.93310639
4,Methyl Oleate,0.1,60.08678282,Good,33.57404856
4,Methyl Oleate,1,53.17896047,Good,11.95570744
4,Methyl Oleate,10,68.16340434,Good,53.29371241
4,Hexane,0,100,Good,100
4,Methyl Palmitate,0.01,100.5037906,Good,100.5012653
4,Methyl Palmitate,0.1,87.70419691,Good,85.98037092
4,Methyl Palmitate,1,99.83476346,Good,99.83448998
4,Methyl Palmitate,10,96.170594,Good,96.01811132
5,Hexane,0,100,Good,100
5,Methyl Palmitate,0.01,142.3472505,Good,129.7492578
5,Methyl Palmitate,0.1,141.0807048,Good,129.1185849
5,Methyl Palmitate,1,80.40359363,Good,75.62744962
5,Methyl Palmitate,10,112.1456219,Good,110.8302239
5,Hexadecanal,0.01,122.8391601,Good,118.5927355
5,Hexadecanal,0.1,83.86441831,Good,80.75991938
5,Hexadecanal,1,112.3957867,Good,111.0286934
5,Hexadecanal,10,121.4838523,Good,117.6845333
5,Octanoic Acid,0.01,77.38404112,Good,70.77438894
5,Octanoic Acid,0.01,103.3370892,Good,103.2293238
5,Octanoic Acid,0.1,124.883599,Good,119.9254339
5,Octanoic Acid,1,123.009604,Good,118.7055345
5,Octanoic Acid,10,66.98765266,Good,50.71875782
5,Octanoic Acid,10,82.50531842,Good,78.7956923
5,Heptadecane,0.01,67.47001005,Good,51.78600103
5,Heptadecane,0.1,109.7880774,Good,108.9154284
5,Heptadecane,1,173.1355803,Good,142.241797
5,Heptadecane,10,141.246973,Good,129.2020226
5,2-Nonanal,0.01,121.5007138,Good,117.6959568
5,2-Nonanal,0.1,127.1024454,Good,121.3233076
5,2-Nonanal,1,144.6399774,Good,130.8628211
5,2-Nonanal,10,97.64765349,Good,97.59098511
5,Hexane,0,100,Good,100
6,Hexane,0,100,Good,100
6,Methyl Palmitate,0.01,135.5875502,Good,126.2469158
6,Methyl Palmitate,0.1,124.596404,Good,119.7408619
6,Methyl Palmitate,1,120.3040579,Good,116.8772843
6,Methyl Palmitate,10,87.33207899,Good,85.4945386
6,Methyl Oleate,0.01,95.88686586,Good,95.71043009
6,Methyl Oleate,0.1,122.8171885,Good,118.578172
6,Methyl Oleate,1,191.0079349,Good,147.646154
6,Methyl Oleate,10,98.09334217,Good,98.05628212
6,2-Hydroxyhexanoic Acid (DCM),0.01,109.3987826,Good,108.5913046
6,2-Hydroxyhexanoic Acid (DCM),0.1,54.64055307,Good,16.98574708
6,2-Hydroxyhexanoic Acid (DCM),1,86.95345714,Good,84.99594693
6,2-Hydroxyhexanoic Acid (DCM),10,60.72363792,Good,35.31948443
6,2-Heptanol,0.01,79.24743523,Good,73.8129509
6,2-Heptanol,0.1,136.2743972,Good,126.6186444
6,2-Heptanol,1,35.33166321,Good,-83.03224615
6,2-Heptanol,10,66.84238153,Good,50.39431913
6,Hexane,0,100,Good,100
6,Hexane,0,100,Good,100
6,Methyl Palmitate,0.01,87.33513243,Good,85.49854198
6,Methyl Palmitate,0.1,88.89866476,Good,87.51237122
6,Methyl Palmitate,1,104.3628728,Good,104.1804837
6,Methyl Palmitate,10,113.4742975,Good,111.8743167
6,Hexane,0,101.3020295,Good,101.2852946
6,Hexane,0,100,Good,100
6,Methyl Palmitate,0.01,78.59899238,Good,72.77190589
6,Methyl Palmitate,0.1,84.92415762,Good,82.24787527
6,Methyl Palmitate,1,104.8171762,Good,104.595789
6,Methyl Palmitate,10,104.2988586,Good,104.1216737
7,Hexane,0,100,Good,100
7,Methyl Palmitate,0.01,131.0029166,Good,123.6658217
7,Methyl Palmitate,0.1,131.4150492,Good,123.9052143
7,Methyl Palmitate,1,112.7984185,Good,111.3462748
7,Methyl Palmitate,10,135.0834525,Good,125.9716878
7,Octanoic Acid,0.01,174.525132,Good,142.701662
7,Octanoic Acid,0.1,129.1586518,Good,122.575841
7,Octanoic Acid,1,109.2957804,Good,108.5051594
7,Octanoic Acid,10,82.15425216,Good,78.27775511
7,2-Nonanal,0.01,120.1888532,Good,116.7976087
7,2-Nonanal,0.1,80.07321392,Good,75.11429216
7,2-Nonanal,1,96.20904499,Good,96.05966881
7,2-Nonanal,10,70.97251476,Good,59.10038507
7,Hexadecanal,0.01,117.5465961,Good,114.9273536
7,Hexadecanal,0.1,116.4108181,Good,114.0973308
7,Hexadecanal,1,73.80023713,Good,64.49908037
7,Hexadecanal,10,74.78430485,Good,66.28210264
7,Methyl Palmitate,0.01,151.5118218,Good,133.9985495
7,Methyl Palmitate,0.1,118.1528659,Good,115.3638812
7,Methyl Palmitate,1,125.737464,Good,120.4692088
7,Methyl Palmitate,10,127.7055031,Good,121.6948388
7,Hexane,0,100,Good,100
7,2-Heptanol,0.01,88.14691251,Good,86.55303158
7,2-Heptanol,0.1,151.5737438,Good,134.0255129
7,2-Heptanol,1,121.4593549,Good,117.6679309
7,2-Heptanol,10,108.0629789,Good,107.4613702
7,2-Hydroxyhexanoic Acid (DCM),0.01,121.2196632,Good,117.5051329
7,2-Hydroxyhexanoic Acid (DCM),0.1,143.6732914,Good,130.3976411
7,2-Hydroxyhexanoic Acid (DCM),1,245.3486043,Bad,159.2416675
7,2-Hydroxyhexanoic Acid (DCM),10,83.26963187,Bad,79.90819972
7,Methyl Oleate,0.01,413.8248514,Bad,175.8351874
7,Methyl Oleate,0.1,350.4038496,Bad,171.4615007
7,Methyl Oleate,1,389.488874,Bad,174.3253257
7,Methyl Oleate,10,362.8056133,Bad,172.4370306
7,Heptadecane,1,307.2402583,Bad,167.452182
7,Heptadecane,10,268.4754046,Bad,162.7526402
7,Methyl Palmitate,0.01,323.8758212,Bad,169.1239687
7,Methyl Palmitate,0.1,431.3472074,Bad,176.8168199
7,Methyl Palmitate,1,818.5803433,Bad,187.7837282
7,Methyl Palmitate,10,161.4638921,Bad,138.0666484
8,Hexane,0,100,Bad,100
8,Methyl Palmitate,0.01,90.25844052,Bad,89.20703768
8,Methyl Palmitate,0.1,211.9059628,Bad,152.8092562
8,Methyl Palmitate,1,108.2262721,Bad,107.6009937
8,Methyl Palmitate,10,162.5105203,Bad,138.4655222
8,Butyric Acid,0.01,67.05427729,Bad,50.86708255
8,Butyric Acid,0.1,72.55540146,Bad,62.17428615
8,Butyric Acid,1,69.4241269,Bad,55.95785722
8,Butyric Acid,10,101.7145339,Bad,101.6856331
8,Heptadecane,0.01,107.0328034,Bad,106.570699
8,Heptadecane,0.1,126.9687966,Bad,121.2404916
8,Heptadecane,1,92.95223748,Bad,92.41786674
8,Heptadecane,10,114.1397765,Bad,112.3881235
8,Geraniol,0.01,73.61307494,Bad,64.15456754
8,Geraniol,0.1,76.31815138,Bad,68.96957252
8,Geraniol,1,117.1328458,Bad,114.6268501
8,Geraniol,10,77.83046419,Bad,71.51560633
8,Hexane,0,100,Bad,100
8,Methyl Palmitate,0.01,103.7494369,Bad,103.6139347
8,Methyl Palmitate,0.1,176.4878966,Bad,143.3388907
8,Methyl Palmitate,1,99.69234982,Bad,99.69140041
8,Methyl Palmitate,10,123.3901661,Bad,118.9562644
8,2-Hydroxyhexanoic Acid (DCM),0.01,122.5328077,Good,118.3892038
8,2-Hydroxyhexanoic Acid (DCM),0.1,94.14719884,Good,93.78335072
8,2-Hydroxyhexanoic Acid (DCM),1,119.4375692,Good,116.2742505
8,2-Hydroxyhexanoic Acid (DCM),10,284.4864899,Good,164.8489459
8,Octadecanol,0.01,63.71252628,Good,43.04499312
8,Octadecanol,0.1,72.63306635,Good,62.32166006
8,Octadecanol,1,72.24729435,Good,61.58651212
8,Octadecanol,10,66.74898464,Bad,50.18498702
8,Methyl Oleate,0.01,132.3042879,Good,124.4166598
8,Methyl Oleate,0.1,56.56757971,Good,23.22029596
8,Methyl Oleate,1,151.21564,Good,133.8692744
8,Hexane,0,100,Good,100
8,Methyl Palmitate,0.01,81.68371394,Good,77.57657534
8,Methyl Palmitate,0.1,62.55790364,Good,40.1480961
8,Methyl Palmitate,1,83.14322468,Good,79.72561759
8,Methyl Palmitate,10,73.99580123,Good,64.85719684
8,Dodecyl Aldehyde,0.01,89.50921398,Good,88.27965797
8,Dodecyl Aldehyde,0.1,74.82823994,Good,66.36061455
8,Dodecyl Aldehyde,1,84.64242294,Good,81.85593403
8,Dodecyl Aldehyde,10,63.78346727,Good,43.219561
8,2-Heptanol,0.01,93.55573775,Good,93.11184711
8,2-Heptanol,0.1,59.18173653,Good,31.02895276
8,2-Heptanol,1,117.5603397,Good,114.9372992
8,2-Heptanol,10,116.6874006,Good,114.3009446
8,Ethyl Palmitate,0.01,66.71691619,Good,50.11297627
8,Ethyl Palmitate,0.1,67.40919545,Good,51.6522867
8,Ethyl Palmitate,1,80.51774432,Good,75.80377364
8,Ethyl Palmitate,10,118.286408,Good,115.459433
8,Hexane,0,100,Good,100
8,Methyl Palmitate,0.01,114.1188771,Good,112.3720786
8,Methyl Palmitate,0.1,47.54884254,Good,-10.3100615
8,Methyl Palmitate,1,80.53719146,Good,75.83376302
8,Methyl Palmitate,10,63.86763547,Good,43.42617467
8,Octanoic Acid,0.01,53.99626657,Good,14.80201068
8,Octanoic Acid,0.1,50.74627257,Good,2.941191668
8,Octanoic Acid,1,197.4300226,Good,149.3491422
8,Octanoic Acid,10,65.0578159,Good,46.29056691
8,trans-Nerolidol,0.01,56.61364904,Good,23.36415036
8,trans-Nerolidol,0.1,66.22373485,Good,48.99673777
8,trans-Nerolidol,1,73.9286828,Good,64.73450329
8,trans-Nerolidol,10,88.73896358,Good,87.3099302
8,2-Nonanal,0.01,85.1273416,Good,82.52892888
8,2-Nonanal,0.1,61.47773127,Good,37.33947571
8,2-Nonanal,1,87.85066125,Good,86.17046409
8,2-Nonanal,10,122.8798244,Good,118.6196754
8,Hexane,0,100,Good,100
8,Methyl Palmitate,0.01,68.18239502,Good,53.33457416
8,Methyl Palmitate,0.1,106.718823,Good,106.2958181
8,Methyl Palmitate,1,67.49902168,Good,51.84970462
8,Methyl Palmitate,10,86.66641488,Good,84.61504939
8,Heptacosane,0.01,52.29870197,Good,8.790665465
8,Heptacosane,0.1,61.9228103,Good,38.50862145
8,Heptacosane,1,83.23848318,Good,79.86326014
8,Heptacosane,10,61.72078521,Good,37.98002624
8,1-Hexadecanol,0.01,100.8625228,Good,100.855147
8,1-Hexadecanol,0.1,67.09590103,Good,50.95959894
8,1-Hexadecanol,1,215.7650518,Good,153.6532913
8,1-Hexadecanol,10,72.0797809,Good,61.26483911
8,2-Heptanone,0.01,71.77337492,Good,60.6725682
8,2-Heptanone,0.1,90.14557041,Good,89.06831523
8,2-Heptanone,1,54.83202412,Good,17.62482491
8,2-Heptanone,10,93.20148693,Good,92.70557446
8,Hexane,0,100,Good,100
8,Methyl Palmitate,0.01,120.0628052,Good,116.7102586
8,Methyl Palmitate,0.1,124.8159545,Good,119.8820372
8,Methyl Palmitate,1,81.47783609,Good,77.26723635
8,Methyl Palmitate,10,110.9733251,Good,109.8882548
8,Heptacosane,10,65.83277284,Good,48.09997258
8,Benzoic Acid,0.01,85.05928258,Good,82.434936
8,Benzoic Acid,0.1,94.084299,Good,93.71233983
8,Benzoic Acid,1,42.92140668,Good,-32.98397637
8,Benzoic Acid,10,114.7010085,Good,112.8168084
8,Hexane,0,100,Good,100
8,Methyl Palmitate,0.01,275.0284966,Good,163.6401314
8,Methyl Palmitate,0.1,222.604086,Good,155.0771948
8,Methyl Palmitate,1,121.6205973,Good,117.7770853
8,Methyl Palmitate,10,421.0545319,Good,176.2501072
9,Hexane,0,100,Bad,100
9,Methyl Palmitate,0.01,149.0363128,Bad,132.9022585
9,Methyl Palmitate,0.1,110.7322483,Bad,109.6920711
9,Methyl Palmitate,1,113.1442982,Bad,111.6172873
9,Methyl Palmitate,10,153.4681893,Bad,134.8399167
9,Heptacosane,0.01,142.8732618,Bad,130.0078974
9,Heptacosane,0.1,128.0367877,Bad,121.897447
9,Heptacosane,1,115.6861728,Bad,113.559246
9,Heptacosane,10,139.9066988,Bad,128.5237942
9,Benzoic Acid,0.01,105.9472,Bad,105.6133621
9,Benzoic Acid,0.1,130.9340004,Bad,123.6256437
9,Benzoic Acid,1,114.6246088,Bad,112.758699
9,Benzoic Acid,10,150.4836873,Bad,133.5476145
9,Geraniol,0.01,80.95757113,Bad,76.47850769
9,Geraniol,0.1,130.0233236,Bad,123.0907216
9,Geraniol,1,119.0375693,Bad,115.9929083
9,Geraniol,10,86.11491855,Bad,83.87610221
9,Hexane,0,100,Bad,100
9,Methyl Palmitate,0.01,104.5943301,Bad,104.3925231
9,Methyl Palmitate,0.1,59.90771498,Bad,33.07659118
9,Methyl Palmitate,1,122.488132,Bad,118.3594374
9,Methyl Palmitate,10,139.1072281,Bad,128.1130094
9,2-Heptanone,0.01,121.8867393,Bad,117.9566206
9,2-Heptanone,0.1,124.857999,Bad,119.909016
9,2-Heptanone,1,147.7538757,Bad,132.3198803
9,2-Heptanone,10,121.0606619,Bad,117.396784
9,Ethyl Palmitate,0.01,115.8830332,Bad,113.7060903
9,Ethyl Palmitate,0.1,107.2661365,Bad,106.7739333
9,Ethyl Palmitate,1,116.2485402,Bad,113.9774144
9,Ethyl Palmitate,10,120.5622244,Bad,117.0552796
9,Dodecyl Aldehyde,0.01,153.5375621,Bad,134.8693579
10,Dodecyl Aldehyde,0.1,167.1924981,Good,140.188704
10,Dodecyl Aldehyde,1,204.9728066,Good,151.2130406
10,Dodecyl Aldehyde,10,115.4911139,Good,113.4132518
10,Hexane,0,100,Good,100
10,Methyl Palmitate,0.01,166.2369313,Good,139.8448953
10,Methyl Palmitate,0.1,177.2532042,Good,143.5835304
10,Methyl Palmitate,1,178.3150262,Good,143.9194766
10,Methyl Palmitate,10,157.1123556,Good,136.3512821
10,Octadecanol,0.01,192.404107,Good,148.0260575
10,Octadecanol,0.1,78.6797713,Good,72.90252838
10,Octadecanol,1,111.9922071,Good,110.7080728
10,Octadecanol,10,99.44752723,Good,99.44445802
10,trans-Nerolidol,0.01,69.84012238,Good,56.81582936
10,trans-Nerolidol,0.1,149.1999747,Good,132.97586
10,trans-Nerolidol,1,79.79347615,Good,74.67647127
10,trans-Nerolidol,10,78.75414814,Good,73.02256153
10,Butyric Acid,0.01,82.21633408,Good,78.36966813
10,Butyric Acid,0.1,94.37139723,Good,94.0356899
10,Butyric Acid,1,100.7087189,Good,100.7037314
10,Butyric Acid,10,78.77548764,Good,73.05695846
10,Hexane,0,100,Good,100
10,Methyl Palmitate,0.01,63.46720512,Good,42.43831155
10,Methyl Palmitate,0.1,72.92578606,Good,62.87429261
10,Methyl Palmitate,1,70.2752034,Good,57.7022973
10,Methyl Palmitate,10,73.09994477,Good,63.20099103
11,Hexane,0,100,Good,100
11,Methyl Palmitate,0.01,136.1554821,Good,126.5545548
11,Methyl Palmitate,0.1,108.9881996,Good,108.2469475
11,Methyl Palmitate,1,101.6238278,Good,101.597881
11,Methyl Palmitate,10,132.2916856,Good,124.4094597
11,trans-Nerolidol,0.01,115.1317077,Good,113.1429543
11,trans-Nerolidol,0.1,110.9242475,Good,109.8483855
11,trans-Nerolidol,1,102.3108757,Good,102.2586804
11,trans-Nerolidol,10,96.83175834,Good,96.72809654
11,Dodecyl Aldehyde,0.01,87.38899043,Good,85.56910944
11,Dodecyl Aldehyde,0.1,56.21970043,Good,22.12640901
11,Dodecyl Aldehyde,1,87.98423773,Good,86.34327855
11,Dodecyl Aldehyde,10,52.50568577,Good,9.544435945
11,Octadecanol,0.01,94.5692136,Good,94.25734212
11,Octadecanol,0.1,62.66448642,Good,40.41997994
11,Octadecanol,1,86.81399034,Good,84.81119274
11,Octadecanol,10,78.00552799,Good,71.80395726
11,Hexane,0,100,Good,100
11,Methyl Palmitate,0.01,85.18077384,Good,82.60261618
11,Methyl Palmitate,0.1,125.6736311,Good,120.428813
11,Methyl Palmitate,1,65.98394475,Good,48.44798175
11,Methyl Palmitate,10,94.20527332,Good,93.84882982
11,2-Heptanone,0.01,96.45245473,Good,96.32197513
11,2-Heptanone,0.1,62.20041062,Good,39.22935717
11,2-Heptanone,1,64.20917234,Good,44.25901105
11,2-Heptanone,10,67.68317299,Good,52.2527896
11,Ethyl Palmitate,0.01,76.9638342,Good,70.06884333
11,Ethyl Palmitate,0.1,99.25537196,Good,99.24978565
11,Ethyl Palmitate,1,83.40013703,Good,80.09612027
11,Ethyl Palmitate,10,70.11122961,Good,57.36949622
11,Butyric Acid,0.01,64.19358727,Good,44.22119989
11,Butyric Acid,0.1,97.49285759,Good,97.4283835
11,Butyric Acid,1,52.10181047,Good,8.06808997
11,Butyric Acid,10,103.4103917,Good,103.2979198
11,Hexane,0,100,Good,100
11,Methyl Palmitate,0.01,81.54987345,Good,77.37565276
11,Methyl Palmitate,0.1,78.01644991,Good,71.82190408
11,Methyl Palmitate,1,100.6879432,Good,100.6832429
11,Methyl Palmitate,10,72.09974309,Good,61.30325059
11,Geraniol,0.01,90.7102157,Good,89.75883342
11,Geraniol,0.1,77.74176596,Good,71.36901411
11,Geraniol,1,79.09950828,Good,73.57696378
11,Geraniol,10,84.22834537,Good,81.27512234
11,Benzoic Acid,0.01,109.9735612,Good,109.0690536
11,Benzoic Acid,0.1,130.5010613,Good,123.3722707
11,Benzoic Acid,1,88.81332021,Good,87.40427702
11,Benzoic Acid,10,111.6442027,Good,110.4297424
11,Heptacosane,0.01,82.11728817,Good,78.22296349
11,Heptacosane,0.1,103.4967027,Good,103.3785643
11,Heptacosane,1,59.65274439,Good,32.36311921
11,Heptacosane,10,57.96682473,Good,27.48753193
11,Hexane,0,100,Good,100
11,Methyl Palmitate,0.01,79.69612172,Good,74.52337975
11,Methyl Palmitate,0.1,69.2515112,Good,55.59881904
11,Methyl Palmitate,1,81.96048344,Good,77.98998273
11,Methyl Palmitate,10,44.66416327,Good,-23.89314539
11,Methyl Palmitate,1,92.90936683,Good,92.36822571
11,Methyl Palmitate,10,132.6821297,Good,124.6319001
12,Hexane,0,45.12671078,Good,-21.59824696
12,Methyl Palmitate,0.01,48.4659617,Good,-6.330373914
12,Methyl Palmitate,0.1,56.61523099,Good,23.36908592
12,Methyl Palmitate,1,89.49990338,Good,88.2680358
12,Methyl Palmitate,10,61.53954126,Good,37.50285109
12,Benzoic Acid,0.01,40.74992621,Good,-45.39921737
12,Benzoic Acid,0.1,76.22351988,Good,68.80689824
12,Benzoic Acid,1,68.83995343,Good,54.73552056
12,Benzoic Acid,10,72.09609885,Good,61.29623989
12,Butyric Acid,0.01,91.56924225,Good,90.79302444
12,Butyric Acid,0.1,58.44697089,Good,28.90473453
12,Butyric Acid,1,108.7543883,Good,108.0496874
12,Butyric Acid,10,79.08875511,Good,73.55977488
12,Ethyl Palmitate,0.01,82.36071639,Good,78.58289196
12,Ethyl Palmitate,0.1,72.7838314,Good,62.60684816
12,Ethyl Palmitate,1,80.14361783,Good,75.22400073
12,Ethyl Palmitate,10,69.92171187,Good,56.98290655
12,Hexane,0,100,Good,100
12,Methyl Palmitate,0.01,91.3422482,Good,90.52163488
12,Methyl Palmitate,0.1,99.23971861,Good,99.23389405
12,Methyl Palmitate,1,98.37766315,Good,98.35090935
12,Methyl Palmitate,10,78.63335306,Good,72.82750117
12,Octadecanol,0.01,83.40175327,Good,80.09844388
12,Octadecanol,0.1,74.23324159,Good,65.28946082
12,Octadecanol,1,99.68649717,Good,99.68551124
12,Octadecanol,10,111.3680964,Good,110.2076777
12,trans-Nerolidol,0.01,125.0162571,Good,120.0104032
12,trans-Nerolidol,0.1,88.01080191,Good,86.3775834
12,trans-Nerolidol,1,91.94707958,Good,91.24178771
12,trans-Nerolidol,10,73.69948281,Good,64.31383751
12,Geraniol,0.01,86.79384146,Good,84.78445208
12,Geraniol,0.1,102.0542902,Good,102.0129386
12,Geraniol,1,103.9862243,Good,103.8334158
12,Geraniol,10,83.63850446,Good,80.43784301
12,Geraniol,10,131.1001787,Good,123.7224533
12,Hexane,0,100,Good,100
12,Methyl Palmitate,0.01,85.51169857,Good,83.05693645
12,Methyl Palmitate,0.1,111.6595248,Good,110.4420334
12,Methyl Palmitate,1,83.591251,Good,80.37025549
12,Methyl Palmitate,10,147.5835844,Good,132.2417866
12,Dodecyl Aldehyde,0.01,82.53039477,Good,78.83251949
12,Dodecyl Aldehyde,0.1,115.1865162,Good,113.184283
12,Dodecyl Aldehyde,1,137.5676577,Good,127.3084956
12,Dodecyl Aldehyde,10,133.777777,Good,125.249169
12,2-Heptanone,0.01,150.7293714,Good,133.6559298
12,2-Heptanone,0.1,163.437474,Good,138.8145218
12,2-Heptanone,1,108.090141,Good,107.4846243
12,2-Heptanone,10,138.7552074,Good,127.9306327
12,Heptacosane,0.01,111.9607087,Good,110.6829519
12,Heptacosane,0.1,185.7219606,Good,146.1560713
12,Heptacosane,1,68.0713394,Good,53.09529549
12,Heptacosane,10,89.11551198,Good,87.78609046
12,Hexane,0,100,Good,100
12,Methyl Palmitate,0.01,161.5832415,Good,138.1123939
12,Methyl Palmitate,0.1,166.7080135,Good,140.0148812
12,Methyl Palmitate,1,190.6077084,Good,147.5362246
12,Methyl Palmitate,10,129.4173213,Good,122.7305905
12,Heptadecane,0.01,193.772823,Good,148.3931758
12,Heptadecane,0.1,80.6236949,Good,75.96698448
12,Heptadecane,1,127.7759795,Good,121.738029
12,Heptadecane,10,100.8822722,Good,100.8745562
12,2-Hydroxyhexanoic Acid (DCM),0.01,123.0299238,Good,118.7189613
12,2-Hydroxyhexanoic Acid (DCM),0.1,95.75055629,Good,95.56196447
12,2-Hydroxyhexanoic Acid (DCM),1,99.37634398,Good,99.3724301
12,2-Hydroxyhexanoic Acid (DCM),10,100.7791076,Good,100.7730844
12,2-Nonanal,0.01,88.47084245,Good,86.96840989
12,2-Nonanal,0.1,132.3401414,Good,124.4371368
12,2-Nonanal,1,110.9985481,Good,109.9087315
12,2-Nonanal,10,101.485951,Good,101.4641938
12,Hexane,0,100,Good,100
12,Methyl Palmitate,0.01,108.9132815,Good,108.1838334
12,Methyl Palmitate,0.1,126.8529712,Good,121.1685788
12,Methyl Palmitate,1,110.6397848,Good,109.6165993
12,Methyl Palmitate,10,98.59474632,Good,98.57471749
12,Methyl Oleate,0.01,115.9239878,Good,113.736577
12,Methyl Oleate,0.1,105.8519877,Good,105.5284628
12,Methyl Oleate,1,63.4949255,Good,42.50709926
12,Methyl Oleate,10,88.50531667,Good,87.01243749
12,2-Heptanol,0.01,66.69167734,Good,50.05625291
12,2-Heptanol,0.1,63.95789083,Good,43.64712673
12,2-Heptanol,1,94.62498312,Good,94.3196641
12,2-Heptanol,10,56.70672198,Good,23.65406339
12,2-Heptanol,10,56.82518022,Good,24.02167558
12,Hexadecanal,0.01,104.6166921,Good,104.4129594
12,Hexadecanal,0.1,60.32777476,Good,34.23887189
12,Hexadecanal,1,82.30428792,Good,78.49964743
12,Hexadecanal,10,53.34585787,Bad,12.54402122
12,Hexadecanal,10,81.61753113,Good,77.47730344
12,Hexane,0,100,Good,100
12,Methyl Palmitate,0.01,97.17979168,Good,97.09794777
12,Methyl Palmitate,0.1,121.4177882,Good,117.639745
12,Methyl Palmitate,1,98.86735213,Good,98.85437624
12,Methyl Palmitate,10,81.92076635,Good,77.93082944
12,Octanoic Acid,0.01,92.39869734,Good,91.77336599
12,Octanoic Acid,0.1,68.59539467,Good,54.21761842
12,Octanoic Acid,0.1,102.5064895,Good,102.4452008
12,Octanoic Acid,1,71.64849487,Good,60.42972686
12,Octanoic Acid,10,83.64662978,Good,80.44945712
12,Palmitic Acid,10,97.04106063,Good,96.95083777
12,Hexane,0,100,Good,100
12,Methyl Palmitate,0.01,167.0859707,Good,140.1505707
12,Methyl Palmitate,0.1,146.0596142,Good,131.5348048
12,Methyl Palmitate,1,166.9513124,Good,140.1022978
12,Methyl Palmitate,10,152.5080767,Good,134.4297022
13,Hexane,0,100,Good,100
13,Methyl Palmitate,0.01,31.34046939,Good,-119.0762677
13,Methyl Palmitate,0.1,43.52435482,Good,-29.75642124
13,Methyl Palmitate,1,135.7688741,Good,126.3454156
13,Methyl Palmitate,10,49.71292964,Good,-1.154912251
13,2-Nonanal,0.01,22.68046878,Good,-240.9079943
13,2-Nonanal,0.1,37.84896109,Good,-64.20804464
13,2-Nonanal,1,25.93062219,Good,-185.6444294
13,2-Nonanal,10,63.97735789,Good,43.69470186
13,Heptadecane,0.01,55.23246519,Good,18.94706373
13,Heptadecane,0.1,18.37167196,Good,-344.3162725
13,Heptadecane,1,69.3744896,Good,55.85479536
13,Heptadecane,10,78.29840399,Good,72.28347591
13,Methyl Oleate,0.01,47.67539509,Good,-9.751801361
13,Methyl Oleate,0.1,111.6011216,Good,110.3951658
13,Methyl Oleate,1,66.52648534,Good,49.68392741
13,Methyl Oleate,10,88.29263923,Good,86.74027544
13,Hexane,0,100,Good,100
13,Methyl Palmitate,0.01,39.512441,Good,-53.08484482
13,Methyl Palmitate,0.1,58.94239341,Good,30.34282422
13,Methyl Palmitate,1,156.7560005,Bad,136.2065888
13,Methyl Palmitate,10,68.33991021,Good,53.67262016
13,Hexadecanal,0.01,95.71287376,Good,95.52084681
13,Hexadecanal,0.1,56.190814,Good,22.03496819
13,Hexadecanal,1,86.68060533,Good,84.63393903
13,Hexadecanal,10,97.4915316,Good,97.42698842
13,2-Hydroxyhexanoic Acid (DCM),0.01,94.24740627,Good,93.89628431
13,2-Hydroxyhexanoic Acid (DCM),0.1,135.8842117,Good,126.4079331
13,2-Hydroxyhexanoic Acid (DCM),1,80.16674781,Good,75.26000152
13,2-Hydroxyhexanoic Acid (DCM),10,95.92666287,Good,95.75369661
13,2-Heptanol,0.01,61.6984012,Good,37.92124583
13,2-Heptanol,0.1,47.29564665,Good,-11.4359504
13,2-Heptanol,1,72.67874947,Good,62.40819947
13,2-Heptanol,10,94.21176621,Good,93.85614555
13,Hexane,0,100,Good,100
13,Methyl Palmitate,0.01,100.9234537,Good,100.9150041
13,Methyl Palmitate,0.1,235.7306982,Good,157.5787113
13,Methyl Palmitate,1,207.9916464,Good,151.921146
13,Methyl Palmitate,10,80.90205559,Good,76.3937464
13,Octanoic Acid,0.01,233.0242133,Good,157.0860047
13,Octanoic Acid,0.1,142.1650382,Good,129.6592177
13,Octanoic Acid,1,192.5839467,Good,148.074592
13,Octanoic Acid,10,247.2314079,Good,159.5520647
13,Dodecyl Aldehyde,0.01,277.0147462,Good,163.9008387
13,Dodecyl Aldehyde,0.1,80.98128493,Good,76.51467856
13,Dodecyl Aldehyde,1,56.5766102,Good,23.24851267
13,Dodecyl Aldehyde,10,123.6652959,Good,119.13657
13,2-Heptanone,0.01,291.9435228,Good,165.7467996
13,2-Heptanone,0.1,181.2272968,Good,144.8206745
13,2-Heptanone,1,78.94686949,Good,73.33253282
13,2-Heptanone,10,311.455525,Good,167.8926871
13,Hexane,0,100,Good,100
13,Methyl Palmitate,0.01,87.07199288,Good,85.15250806
13,Methyl Palmitate,0.1,276.6904222,Good,163.8585249
13,Methyl Palmitate,1,454.5628244,Good,178.0008407
13,Methyl Palmitate,10,57.47352493,Bad,26.00684382
13,Methyl Palmitate,10,209.8073043,Good,152.3372171
13,Benzoic Acid,0.01,284.5423468,Good,164.8558462
13,Benzoic Acid,0.1,244.4303042,Good,159.0885425
13,Benzoic Acid,1,186.5774359,Good,146.4029509
13,Benzoic Acid,10,295.6078084,Good,166.1713943
13,trans-Nerolidol,0.01,39.09645936,Good,-55.77763724
13,trans-Nerolidol,0.1,234.6521744,Good,157.3837318
13,trans-Nerolidol,1,355.2344254,Good,171.8495751
13,trans-Nerolidol,10,164.2090476,Good,139.1020157
13,Geraniol,0.01,138.5546046,Good,127.8262889
13,Geraniol,0.1,89.74244648,Good,88.57000904
13,Geraniol,1,197.4064672,Good,149.3430983
13,Geraniol,10,255.1663873,Good,160.8098852
13,Hexane,0,324.1081956,Good,169.1461057
13,Methyl Palmitate,0.01,122.5297488,Good,118.3871664
13,Methyl Palmitate,0.1,293.9315802,Good,165.9784771
13,Methyl Palmitate,1,102.8522014,Good,102.7731068
13,Methyl Palmitate,10,201.9193844,Good,150.4752848
13,Octadecanol,0.01,333.5490513,Good,170.0194021
13,Octadecanol,0.1,182.4369034,Good,145.1865285
13,Octadecanol,1,187.6750016,Good,146.7163985
13,Octadecanol,10,86.80777933,Bad,84.8029511
13,Octadecanol,10,300.1145697,Good,166.6793918
13,2-Heptanone,0.01,97.32539871,Good,97.25189794
13,2-Heptanone,0.1,269.6072621,Good,162.909011
13,2-Heptanone,1,182.3074939,Good,145.1476196
13,2-Heptanone,10,220.9393836,Good,154.7387169
13,Hexane,0,100,Good,100
13,Methyl Palmitate,0.01,126.4275524,Good,120.9033173
13,Methyl Palmitate,0.1,187.7279041,Good,146.731414
13,Methyl Palmitate,1,240.9991998,Good,158.5060863
13,Methyl Palmitate,10,251.9421973,Good,160.308356
13,Ethyl Palmitate,0.01,143.679689,Good,130.4007402
13,Ethyl Palmitate,0.1,87.66460417,Good,85.92887523
13,Ethyl Palmitate,1,61.54359881,Good,37.51356447
13,Ethyl Palmitate,1,46.80563864,Bad,-13.64947239
13,Ethyl Palmitate,10,250.2255386,Good,160.0360536
13,Palmitic Acid,10,197.159837,Good,149.2797308
13,Methyl Palmitate,0.01,165.8865538,Good,139.7178387
13,Methyl Palmitate,0.1,59.25240933,Good,31.2304915
13,Methyl Palmitate,1,53.83071493,Good,14.2324505
13,Methyl Palmitate,10,42.31267084,Bad,-36.33582567
13,Methyl Palmitate,10,97.92764946,Good,97.88379426
13,Hexane,0,100,Good,100
13,Methyl Palmitate,0.01,119.5057402,Good,116.3220111
13,Methyl Palmitate,0.1,71.00809863,Good,59.17099327
13,Methyl Palmitate,1,88.99976047,Good,87.64014704
13,Methyl Palmitate,10,68.8297628,Good,54.71401334
14,Hexane,0,100,Good,100
14,Methyl Palmitate,0.01,92.90613172,Good,92.36447784
14,Methyl Palmitate,0.1,133.9664742,Good,125.3544586
14,Methyl Palmitate,1,109.5694003,Good,108.7336431
14,Methyl Palmitate,10,132.8196333,Good,124.7099261
14,Dodecyl Aldehyde,0.01,94.53272279,Good,94.21652413
14,Dodecyl Aldehyde,0.1,135.8702546,Good,126.4003735
14,Dodecyl Aldehyde,1,96.9992599,Good,96.9064299
14,Dodecyl Aldehyde,10,49.89588112,Bad,-0.4173446
14,Dodecyl Aldehyde,10,105.0659076,Good,104.8216474
14,Ethyl Palmitate,0.01,127.8415934,Good,121.7781965
14,Ethyl Palmitate,0.1,101.9870605,Good,101.9483457
14,Ethyl Palmitate,1,65.89169253,Good,48.23580005
14,Ethyl Palmitate,10,127.9552228,Good,121.8476606
14,Heptacosane,0.01,118.164006,Good,115.3718604
14,Heptacosane,0.1,143.1878578,Good,130.161676
14,Heptacosane,1,121.5695994,Good,117.7425931
14,Heptacosane,10,100.8190054,Bad,100.8123521
14,Heptacosane,10,136.2171274,Good,126.5877927
14,Hexane,0,100,Good,100
14,Methyl Palmitate,0.01,107.1554566,Good,106.6776409
14,Methyl Palmitate,0.1,71.66320084,Good,60.45836798
14,Methyl Palmitate,1,152.3090745,Good,134.3440302
14,Methyl Palmitate,10,83.89598812,Good,80.80478908
14,Methyl Palmitate,10,83.68571115,Good,80.50528743
14,trans-Nerolidol,0.01,42.33513852,Good,-36.2103999
14,trans-Nerolidol,0.1,186.8254483,Good,146.4741014
14,trans-Nerolidol,1,34.07311081,Good,-93.48655767
14,trans-Nerolidol,10,66.26375789,Good,49.08794312
14,Octadecanol,0.01,142.0076204,Good,129.5812438
14,Octadecanol,0.1,115.2335334,Good,113.2197052
14,Octadecanol,1,94.09994747,Good,93.73001506
14,Octadecanol,10,83.14347615,Good,79.72598137
14,Octanoic Acid,0.01,108.1886052,Good,107.5688241
14,Octanoic Acid,0.1,157.20796,Good,136.3899894
14,Octanoic Acid,1,127.5211194,Good,121.5816169
14,Octanoic Acid,10,166.4123395,Good,139.9083023
14,Hexane,0,100,Good,100
14,Methyl Palmitate,0.01,157.6607159,Good,136.5726589
14,Methyl Palmitate,0.1,67.48051542,Good,51.80907498
14,Methyl Palmitate,1,173.0448549,Good,142.211515
14,Methyl Palmitate,10,161.4936736,Good,138.0780697
14,Butyric Acid,0.01,116.716692,Good,114.3224518
14,Butyric Acid,0.1,132.3358159,Good,124.434667
14,Butyric Acid,1,160.4507926,Good,137.6755961
14,Butyric Acid,10,107.7938573,Good,107.2303353
14,Geraniol,0.01,94.36903959,Good,94.03304258
14,Geraniol,0.1,74.52074884,Good,65.80918529
14,Geraniol,1,90.68137892,Good,89.7237766
14,Geraniol,10,91.13947146,Good,90.27805583
14,2-Heptanone,0.01,124.3027389,Good,119.5512497
14,2-Heptanone,0.1,82.66136313,Bad,79.0244968
14,2-Heptanone,0.1,146.6781458,Good,131.8235178
14,2-Heptanone,1,68.740567,Good,54.52549438
14,2-Heptanone,10,141.8761353,Good,129.5159825
14,Hexane,0,100,Good,100
14,Methyl Palmitate,0.01,152.8540954,Good,134.578135
14,Methyl Palmitate,0.1,131.9189403,Good,124.1958738
14,Methyl Palmitate,1,135.6005524,Good,126.2539878
14,Methyl Palmitate,10,99.12902948,Good,99.12137694
14,2-Hydroxyhexanoic Acid (DCM),0.01,101.6883553,Good,101.6603232
14,2-Hydroxyhexanoic Acid (DCM),0.1,65.05936145,Good,46.29421843
14,2-Hydroxyhexanoic Acid (DCM),1,108.2717386,Good,107.6397948
14,2-Hydroxyhexanoic Acid (DCM),10,137.0155476,Good,127.015582
14,Benzoic Acid,0.01,101.6209028,Good,101.5950486
14,Benzoic Acid,0.1,140.1542387,Good,128.6500352
14,Benzoic Acid,1,58.40111209,Good,28.77038395
14,Benzoic Acid,10,91.65353392,Good,90.89345962
14,Methyl Oleate,0.01,100.3155007,Good,100.3145085
14,Methyl Oleate,0.1,86.15198289,Good,83.92606107
14,Methyl Oleate,1,136.9610776,Good,126.9865558
14,Methyl Oleate,10,102.28739,Good,102.2362385
14,Hexane,0,100,Good,100
14,Methyl Palmitate,0.01,78.68392714,Good,72.90924128
14,Methyl Palmitate,0.1,92.37800157,Good,91.7491196
14,Methyl Palmitate,1,59.73236909,Good,32.58658325
14,Methyl Palmitate,10,78.83651875,Good,73.15523112
14,Hexadecanal,0.01,67.42371782,Good,51.68423926
14,Hexadecanal,0.1,100.7099577,Good,100.7049528
14,Hexadecanal,1,102.0160683,Good,101.9762262
14,Hexadecanal,10,111.1762224,Good,110.0527093
14,2-Nonanal,0.01,100.546983,Good,100.5440073
14,2-Nonanal,0.1,64.66461217,Good,45.35591162
14,2-Nonanal,1,90.37900326,Good,89.354832
14,2-Nonanal,10,114.2718891,Good,112.4894138
14,2-Heptanol,0.01,61.79691977,Good,38.17963684
14,2-Heptanol,0.1,63.73779218,Good,43.10721068
14,2-Heptanol,1,93.81992729,Good,93.41283575
14,2-Heptanol,10,76.61206974,Good,69.47226417
14,Hexane,0,100,Good,100
14,Methyl Palmitate,0.01,66.3705578,Good,49.33078262
14,Methyl Palmitate,0.1,58.4206089,Good,28.8275287
14,Methyl Palmitate,1,65.3349311,Good,46.94251863
14,Methyl Palmitate,10,71.91930766,Good,60.95527994
14,Palmitic Acid,10,79.43330695,Good,74.10822507
14,Methyl Palmitate,0.01,81.99885058,Good,78.04707104
14,Methyl Palmitate,0.1,75.78112173,Good,68.04101376
14,Methyl Palmitate,1,50.98942321,Good,3.880895877
14,Methyl Palmitate,10,59.54958779,Good,32.07272509
14,Heptadecane,0.01,135.7052297,Good,126.3108723
14,Heptadecane,0.1,52.80663068,Good,10.62984193
14,Heptadecane,1,86.66177164,Good,84.6088672
14,Heptadecane,10,104.5744023,Good,104.3743041
14,Hexane,0,100,Good,100
14,Methyl Palmitate,0.01,58.38426816,Good,28.720984
14,Methyl Palmitate,0.1,72.34762917,Good,61.77846994
14,Methyl Palmitate,1,106.3277868,Good,105.9512071
14,Methyl Palmitate,10,62.1543791,Good,39.11029045
15,Hexane,0,100,Good,100
15,Methyl Palmitate,0.01,50.65940602,Good,2.603291542
15,Methyl Palmitate,0.1,86.06880245,Good,83.81388243
15,Methyl Palmitate,1,83.39521209,Good,80.0890393
15,Methyl Palmitate,10,44.64951455,Good,-23.96660075
15,Octanoic Acid,0.01,59.02254592,Good,30.57321834
15,Octanoic Acid,0.1,101.6354293,Good,101.6091134
15,Octanoic Acid,1,92.05009776,Good,91.36350483
15,Octanoic Acid,10,91.61151874,Good,90.84342081
15,2-Hydroxyhexanoic Acid (DCM),0.01,78.67687995,Good,72.89785758
15,2-Hydroxyhexanoic Acid (DCM),0.1,109.4331868,Good,108.6200421
15,2-Hydroxyhexanoic Acid (DCM),1,71.7532834,Good,60.63355533
15,2-Hydroxyhexanoic Acid (DCM),10,96.9198679,Good,96.82198071
15,2-Heptanol,0.01,108.0089608,Good,107.4150892
15,2-Heptanol,0.1,72.48135087,Good,62.03347648
15,2-Heptanol,1,91.00012395,Good,90.11003979
15,2-Heptanol,10,70.54554703,Good,58.24760852
15,Hexane,0,48.97397837,Bad,-4.190068556
15,Hexane,0,100,Good,100
15,Methyl Palmitate,0.01,73.23093503,Good,63.44568732
15,Methyl Palmitate,0.1,68.26079449,Good,53.5030236
15,Methyl Palmitate,1,92.01675503,Good,91.32413986
15,Methyl Palmitate,10,90.61848486,Good,89.64723902
15,Heptadecane,0.01,80.47075303,Good,75.73124865
15,Heptadecane,0.1,100.0538265,Good,100.0537975
15,Heptadecane,1,79.96943845,Good,74.95222933
15,Heptadecane,10,96.73960012,Good,96.62971536
15,Hexadecanal,0.01,76.46806364,Good,69.22645188
15,Hexadecanal,0.1,90.4877678,Good,89.48782533
15,Hexadecanal,1,97.82876235,Good,97.78057332
15,Hexadecanal,10,52.44809487,Good,9.335305238
15,Hexadecanal,10,89.85590756,Good,88.71071172
15,Methyl Oleate,0.01,110.4886063,Good,109.4929302
15,Methyl Oleate,0.1,94.12681651,Good,93.76035044
15,Methyl Oleate,1,89.08839976,Good,87.75194047
15,Methyl Oleate,10,111.6960011,Good,110.4712801
15,Hexane,0,100,Good,100
15,Methyl Palmitate,0.01,83.13067505,Good,79.70746065
15,Methyl Palmitate,0.1,99.20176445,Good,99.19534138
15,Methyl Palmitate,1,100.8335358,Good,100.8266454
15,Methyl Palmitate,10,78.51250481,Good,72.63175434
15,2-Nonanal,0.01,105.735517,Good,105.4243996
15,2-Nonanal,0.1,131.9533882,Good,124.2156633
15,2-Nonanal,1,116.502101,Good,114.1646381
15,2-Nonanal,10,133.7469996,Good,125.2319676
15,Benzoic Acid,0.01,59.12726851,Good,30.87329666
15,Benzoic Acid,0.1,110.294737,Good,109.3338424
15,Benzoic Acid,1,113.0000976,Good,111.5045012
15,Benzoic Acid,10,110.2439793,Good,109.2920986
15,Palmitic Acid,10,115.5252811,Good,113.4388602
15,Hexane,0,100,Good,100
15,Methyl Palmitate,0.01,143.8056523,Good,130.4617041
15,Methyl Palmitate,0.1,120.3038013,Good,116.877107
15,Methyl Palmitate,1,129.1046125,Good,122.5434335
15,Methyl Palmitate,10,83.20224778,Good,79.8109394
15,Heptacosane,0.01,100.9213428,Good,100.9129315
15,Heptacosane,0.1,122.2490911,Good,118.1998009
15,Heptacosane,1,103.7698525,Good,103.6328976
15,Heptacosane,10,100.1221345,Good,100.1219855
15,Dodecyl Aldehyde,0.01,134.3990102,Good,125.5946901
15,Dodecyl Aldehyde,0.1,90.66988998,Good,89.70980331
15,Dodecyl Aldehyde,1,97.91065062,Good,97.86606526
15,Dodecyl Aldehyde,10,71.10212394,Good,59.35722526
15,Ethyl Palmitate,0.01,113.2012929,Good,111.6617863
15,Ethyl Palmitate,0.1,107.2732609,Good,106.7801247
15,Ethyl Palmitate,1,95.89490758,Good,95.71917578
15,Ethyl Palmitate,10,85.25130571,Good,82.69974381
15,Hexane,0,100,Good,100
15,Methyl Palmitate,0.01,94.0109895,Good,93.62945701
15,Methyl Palmitate,0.1,81.11141142,Good,76.71278523
15,Methyl Palmitate,1,88.41062836,Good,86.89142714
15,Methyl Palmitate,10,127.8218305,Good,121.7661024
15,2-Heptanone,0.01,102.3337739,Good,102.280551
15,2-Heptanone,0.1,111.6807503,Good,110.4590543
15,2-Heptanone,1,100.1875826,Good,100.1872314
15,2-Heptanone,10,78.06976336,Good,71.90943626
15,trans-Nerolidol,0.01,95.00317569,Good,94.74036075
15,trans-Nerolidol,0.1,67.55937767,Good,51.98205868
15,trans-Nerolidol,1,116.4977573,Good,114.1614377
15,trans-Nerolidol,10,100.8423108,Good,100.8352752
15,Octadecanol,0.01,74.81801826,Good,66.34235666
15,Octadecanol,0.1,73.70968963,Good,64.33262642
15,Octadecanol,1,100.6054629,Good,100.6018191
15,Octadecanol,10,52.712677,Good,10.29231356
15,Hexane,0,100,Good,100
15,Methyl Palmitate,0.01,79.92999283,Good,74.89051799
15,Methyl Palmitate,0.1,96.07078552,Good,95.91008394
15,Methyl Palmitate,1,79.64429163,Good,74.44172337
15,Methyl Palmitate,10,46.88567414,Good,-13.28476518
15,Geraniol,0.01,55.79938269,Good,20.78654783
15,Geraniol,0.1,102.8529751,Good,102.7738382
15,Geraniol,1,88.58106517,Good,87.10905677
15,Geraniol,10,81.3139856,Good,77.01992558
15,Methyl Palmitate,0.01,67.54597811,Good,51.95269534
15,Methyl Palmitate,0.1,84.12472255,Good,81.12887987
15,Methyl Palmitate,1,101.3876207,Good,101.3686293
15,Methyl Palmitate,10,77.26906221,Good,70.58209697
15,Butyric Acid,0.01,98.06720835,Good,98.02911526
15,Butyric Acid,0.1,84.07480071,Good,81.05829671
15,Butyric Acid,1,88.91061163,Good,87.52748613
15,Butyric Acid,10,73.80054634,Good,64.49964809
15,Butyric Acid,10,68.7273255,Good,54.49746622
15,Hexane,0,100,Good,100
15,Methyl Palmitate,0.01,73.67532162,Good,64.2693404
15,Methyl Palmitate,0.1,72.70033334,Good,62.44904884
15,Methyl Palmitate,1,87.49893187,Good,85.71289059
15,Methyl Palmitate,10,96.33345729,Good,96.19390519
16,Hexane,0,100,Good,100
16,Methyl Palmitate,0.01,62.85191852,Good,40.89586704
16,Methyl Palmitate,0.1,115.4285926,Good,113.3663526
16,Methyl Palmitate,1,78.60639329,Good,72.78388459
16,Methyl Palmitate,10,55.29862546,Bad,19.16367873
16,Methyl Palmitate,10,47.53869921,Bad,-10.35493539
16,2-Heptanol,0.01,76.67558276,Good,69.58038479
16,2-Heptanol,0.1,43.71052481,Good,-28.77785256
16,2-Heptanol,1,53.86648831,Good,14.35582098
16,2-Heptanol,10,95.73398873,Good,95.5438906
16,Methyl Palmitate,0.01,55.25954105,Good,19.03577535
16,Methyl Palmitate,0.1,98.16815133,Good,98.13396845
16,Methyl Palmitate,1,77.95084124,Good,71.71402077
16,Methyl Palmitate,10,72.00803376,Good,61.12660661
16,Heptadecane,0.01,142.6527062,Good,129.8996825
16,Heptadecane,0.1,87.10892809,Good,85.20120475
16,Heptadecane,1,86.38927257,Good,84.2448871
16,Heptadecane,10,100.8018392,Good,100.7954609
16,Hexane,0,100,Good,100
16,Methyl Palmitate,0.01,94.44626515,Good,94.11968823
16,Methyl Palmitate,0.1,92.86678175,Good,92.31886998
16,Methyl Palmitate,1,100.7620549,Good,100.7562915
16,Methyl Palmitate,10,63.65523065,Good,42.90371901
16,Methyl Oleate,0.01,58.1091435,Good,27.91004309
16,Methyl Oleate,0.1,106.5915896,Good,106.1839678
16,Methyl Oleate,1,33.46363846,Bad,-98.83182048
16,Methyl Oleate,10,95.96347258,Good,95.79368345
16,Octanoic Acid,0.01,57.71022039,Good,26.72046766
16,Octanoic Acid,0.1,101.0370435,Good,101.0263993
16,Octanoic Acid,1,63.71618803,Good,43.05401329
16,Octanoic Acid,10,48.75925827,Good,-5.089255955
16,Hexadecanal,0.01,69.77154528,Good,56.67509641
16,Hexadecanal,0.1,44.62871087,Good,-24.07100284
16,Hexadecanal,1,38.54678068,Good,-59.42503691
16,Hexadecanal,10,57.83891285,Good,27.10601727
16,2-Hydroxyhexanoic Acid (DCM),0.01,82.26596549,Good,78.44304822
16,2-Hydroxyhexanoic Acid (DCM),0.1,64.54392066,Good,45.06674064
16,2-Hydroxyhexanoic Acid (DCM),1,146.2878557,Good,131.6416257
16,2-Hydroxyhexanoic Acid (DCM),10,94.99304802,Good,94.72913851
16,Hexane,0,100,Good,100
16,Methyl Palmitate,0.01,110.6275244,Good,109.6065825
16,Methyl Palmitate,0.1,24.56193702,Bad,-207.1340136
16,Methyl Palmitate,0.1,96.47501165,Good,96.34621619
16,Methyl Palmitate,1,107.2355889,Good,106.7473765
16,Methyl Palmitate,1,86.22503046,Bad,84.02439586
16,Methyl Palmitate,10,116.0622396,Good,113.8393328
16,2-Nonanal,0.01,136.1276576,Good,126.5395425
16,2-Nonanal,0.1,127.5777981,Good,121.6164556
16,2-Nonanal,1,69.06915795,Bad,55.21757761
16,2-Nonanal,1,141.0386721,Good,129.0974606
16,2-Nonanal,10,150.0019927,Good,133.334219
16,Heptacosane,0.01,103.4838606,Good,103.3665738
16,Heptacosane,0.1,165.9356796,Good,139.7356854
16,Heptacosane,1,120.8221736,Good,117.2337353
16,Heptacosane,10,151.7186805,Good,134.0885383
16,Dodecyl Aldehyde,0.01,80.80299624,Good,76.24221298
16,Dodecyl Aldehyde,0.1,114.0680661,Good,112.3330452
16,Dodecyl Aldehyde,1,162.1901775,Good,138.3439851
16,Dodecyl Aldehyde,10,194.5563501,Good,148.6010094
16,Hexane,0,100,Good,100
16,Methyl Palmitate,0.01,149.8429682,Good,133.2634683
16,Methyl Palmitate,0.1,176.2868265,Good,143.2742639
16,Methyl Palmitate,1,149.242026,Good,132.994745
16,Methyl Palmitate,10,155.1010657,Good,135.5259104
16,Geraniol,0.01,135.9193899,Good,126.42698
16,Geraniol,0.1,153.1067333,Good,134.6860861
16,Geraniol,1,140.0340646,Good,128.5888042
16,Geraniol,10,116.2708493,Good,113.9939197
16,Ethyl Palmitate,0.01,97.63403236,Good,97.57669781
16,Ethyl Palmitate,0.1,148.3897545,Good,132.6099027
16,Ethyl Palmitate,1,125.5451847,Good,120.347403
16,Ethyl Palmitate,10,74.09498666,Bad,65.03810243
16,Ethyl Palmitate,10,122.7427047,Good,118.5287629
16,Palmitic Acid,10,111.1623882,Good,110.0415153
16,Hexane,0,100,Good,100
16,Methyl Palmitate,0.01,88.16652996,Bad,86.57827404
16,Methyl Palmitate,0.01,111.0502011,Good,109.9506358
16,Methyl Palmitate,0.1,81.17018283,Good,76.80205155
16,Methyl Palmitate,0.1,58.23352526,Bad,28.27761234
16,Methyl Palmitate,1,125.6933104,Good,120.4412712
16,Methyl Palmitate,10,109.1296603,Good,108.3658835
16,Butyric Acid,0.01,112.5847449,Good,111.1780196
16,Butyric Acid,0.1,102.9258307,Good,102.8426593
16,Butyric Acid,1,94.44669493,Good,94.12017004
16,Butyric Acid,10,97.78818125,Good,97.7381533
16,2-Heptanone,0.01,84.49212216,Good,81.6457707
16,2-Heptanone,0.1,95.3701308,Good,95.14536768
16,2-Heptanone,1,103.9509899,Good,103.8008199
16,2-Heptanone,10,43.01972199,Good,-32.45152542
16,trans-Nerolidol,0.01,84.74265396,Good,81.99567122
16,trans-Nerolidol,0.1,71.69609276,Good,60.52238532
16,trans-Nerolidol,1,59.59414006,Good,32.19826665
16,trans-Nerolidol,10,71.14515668,Good,59.44229423
16,Hexane,0,100,Good,100
16,Methyl Palmitate,0.01,79.08490803,Good,73.55362421
16,Methyl Palmitate,0.1,58.78861992,Good,29.89905167
16,Methyl Palmitate,1,120.8846098,Good,117.2764836
16,Methyl Palmitate,10,138.986761,Good,128.0507012
16,Benzoic Acid,0.01,102.8721267,Good,102.7919387
16,Benzoic Acid,0.1,86.91877597,Good,84.95005955
16,Benzoic Acid,1,136.8194274,Good,126.9109644
16,Benzoic Acid,10,73.25131329,Good,63.48367625
16,Methyl Palmitate,0.01,85.84797026,Good,83.51500951
16,Methyl Palmitate,0.1,82.14680727,Good,78.26672353
16,Methyl Palmitate,1,101.6488466,Good,101.6221007
16,Methyl Palmitate,10,82.70407166,Good,79.08696877
16,Octadecanol,0.01,95.12821584,Good,94.87871804
16,Octadecanol,0.1,104.1258082,Good,103.96233
16,Octadecanol,1,135.6537176,Good,126.2828902
16,Octadecanol,10,123.0866884,Good,118.7564461
16,Hexane,0,100,Good,100
16,Methyl Palmitate,0.01,127.4865973,Good,121.5603819
16,Methyl Palmitate,0.1,123.6494899,Good,119.1262333
16,Methyl Palmitate,1,139.6161858,Good,128.3750667
16,Methyl Palmitate,10,134.7204425,Good,125.7722153
17,Hexane,0,100,Good,100
17,Methyl Palmitate,0.01,145.1097844,Good,131.0866594
17,Methyl Palmitate,0.1,86.81489286,Good,84.81239024
17,Methyl Palmitate,1,262.2303326,Good,161.8655863
17,Methyl Palmitate,10,189.4416067,Good,147.2132855
17,Octadecanol,0.01,208.3914599,Good,152.0133886
17,Octadecanol,0.1,205.0644014,Good,151.2348319
17,Octadecanol,1,206.3995904,Good,151.5502914
17,Octadecanol,10,116.2127359,Bad,113.9509115
17,Octadecanol,10,133.9974867,Good,125.3717346
17,Benzoic Acid,0.01,208.6593308,Good,152.0749925
17,Benzoic Acid,0.1,230.1168299,Good,156.543813
17,Benzoic Acid,1,197.8552862,Good,149.4580095
17,Benzoic Acid,10,152.6188769,Good,134.4773058
17,Geraniol,0.01,119.458698,Good,116.2890592
17,Geraniol,0.1,141.4528276,Good,129.305054
17,Geraniol,1,130.1602104,Good,123.1716054
17,Geraniol,10,220.7339443,Good,154.6965917
17,Hexane,0,100,Good,100
17,Methyl Palmitate,0.01,132.007019,Good,124.2464524
17,Methyl Palmitate,0.1,131.7536022,Good,124.1007469
17,Methyl Palmitate,1,190.9699165,Good,147.6357314
17,Methyl Palmitate,10,97.11682822,Good,97.03123359
17,Methyl Palmitate,10,76.70135661,Bad,69.62420951
17,Butyric Acid,0.01,124.4129433,Good,119.6225109
17,Butyric Acid,0.01,83.67947958,Bad,80.49638871
17,Butyric Acid,0.01,98.54563984,Bad,98.52417605
17,Butyric Acid,0.1,94.57222857,Good,94.2607132
17,Butyric Acid,1,75.56923198,Good,67.67101189
17,Butyric Acid,10,183.0533767,Good,145.3711252
17,Palmitic Acid,10,153.2313312,Good,134.7391952
17,2-Heptanone,0.01,104.6298504,Good,104.4249805
17,2-Heptanone,0.1,119.7152814,Good,116.4684752
17,2-Heptanone,1,115.4507911,Good,113.3830102
17,2-Heptanone,10,112.6598937,Good,111.2372676
17,Hexane,0,100,Good,100
17,Methyl Palmitate,0.01,183.2025737,Good,145.415614
17,Methyl Palmitate,0.1,74.78967116,Bad,66.29169717
17,Methyl Palmitate,0.1,175.1692817,Good,142.9123651
17,Methyl Palmitate,1,140.3165211,Good,128.7325547
17,Methyl Palmitate,10,79.9501459,Good,74.92205439
17,Ethyl Palmitate,0.01,102.9670491,Good,102.881552
17,Ethyl Palmitate,0.01,92.77461218,Bad,92.21189111
17,Ethyl Palmitate,1,201.9509535,Good,150.4830266
17,Ethyl Palmitate,10,104.4609577,Bad,104.2704545
17,Ethyl Palmitate,10,231.3277818,Good,156.7712969
17,trans-Nerolidol,0.01,177.5407006,Good,143.6748871
17,trans-Nerolidol,0.1,105.4637259,Good,105.1806684
17,trans-Nerolidol,1,150.0295121,Good,133.3464472
17,trans-Nerolidol,10,175.142774,Good,142.9037249
17,trans-Nerolidol,10,44.97150106,Bad,-22.36304692
17,Dodecyl Aldehyde,0.01,83.98244336,Good,80.92749389
17,Dodecyl Aldehyde,0.1,86.64238048,Good,84.58304187
17,Dodecyl Aldehyde,1,78.28681659,Good,72.2645723
17,Dodecyl Aldehyde,10,96.55531948,Good,96.43242802
17,Hexane,0,100,Good,100
17,Methyl Palmitate,0.01,166.1444701,Good,139.8114184
17,Methyl Palmitate,0.1,89.39221031,Good,88.13342946
17,Methyl Palmitate,1,138.3887871,Good,127.7398104
17,Methyl Palmitate,10,226.9855565,Good,155.9443334
17,Hexadecanal,0.01,49.67983973,Bad,-1.288894149
17,Hexadecanal,0.1,126.4856819,Good,120.9396681
17,Hexadecanal,1,147.0680511,Good,132.0042666
17,Hexadecanal,10,114.7414954,Good,112.8475713
17,2-Nonanal,0.01,56.48796417,Good,22.97113825
17,2-Nonanal,0.1,175.4211622,Good,142.994335
17,2-Nonanal,1,106.3092682,Good,105.9348243
17,2-Nonanal,10,118.9321036,Good,115.9184132
17,2-Heptanol,0.01,77.80224411,Good,71.46900306
17,2-Heptanol,0.1,71.12980026,Good,59.41194881
17,2-Heptanol,1,67.89916835,Good,52.72279111
17,2-Heptanol,10,51.56901277,Good,6.085099103
17,Hexane,0,100,Good,100
17,Methyl Palmitate,0.01,39.54516829,Bad,-52.87539369
17,Methyl Palmitate,0.1,98.08296353,Good,98.04549495
17,Methyl Palmitate,1,78.73122616,Good,72.98559304
17,Methyl Palmitate,10,78.83503992,Good,73.1528517
17,Methyl Oleate,0.01,127.9091072,Bad,121.819484
17,Methyl Oleate,0.01,60.72572846,Bad,35.3251537
17,Methyl Oleate,0.1,97.33427155,Good,97.26126429
17,Methyl Oleate,1,88.18438975,Good,86.60124509
17,Methyl Oleate,10,97.6192118,Good,97.5611479
17,Heptadecane,0.01,65.56160421,Good,47.47170055
17,Heptadecane,0.1,117.3100227,Good,114.7557918
17,Heptadecane,1,111.2357401,Good,110.1008364
17,Heptadecane,10,61.27127327,Good,36.79137927
17,Octanoic Acid,0.01,139.604727,Good,128.3691877
17,Octanoic Acid,0.1,99.70977573,Good,99.70893098
17,Octanoic Acid,1,104.8553522,Good,104.6305239
17,Octanoic Acid,10,85.57257921,Good,83.14013563
17,Hexane,0,100,Good,100
17,Methyl Palmitate,0.01,93.33861041,Good,92.86320039
17,Methyl Palmitate,0.1,128.5398302,Good,122.2031025
17,Methyl Palmitate,1,80.44686194,Good,75.69434334
17,Methyl Palmitate,10,65.04447932,Bad,46.25905066
17,Methyl Palmitate,10,83.36421586,Good,80.04445436
17,Heptacosane,0.01,62.63244627,Good,40.33834545
17,Heptacosane,0.1,164.4604759,Good,139.195117
17,Heptacosane,1,132.392955,Good,124.46728
17,Heptacosane,10,121.666245,Good,117.8079343
17,Ethyl Palmitate,0.01,164.1858672,Good,139.0934179
17,Ethyl Palmitate,0.1,190.0458424,Good,147.3811167
17,Ethyl Palmitate,1,167.3387368,Good,140.2409735
17,Ethyl Palmitate,10,169.8270111,Good,141.1165518
17,2-Hydroxyhexanoic Acid (DCM),0.01,204.6104252,Good,151.126635
17,2-Hydroxyhexanoic Acid (DCM),0.1,219.5616007,Good,154.4546953
17,2-Hydroxyhexanoic Acid (DCM),1,173.8985361,Good,142.4952031
17,2-Hydroxyhexanoic Acid (DCM),10,152.7967897,Good,134.5535988
17,Hexane,0,100,Good,100
17,Methyl Palmitate,0.01,221.4824345,Good,154.8496926
17,Methyl Palmitate,0.1,301.1962516,Good,166.7990556
17,Methyl Palmitate,1,312.6577042,Good,168.0161408
17,Methyl Palmitate,10,209.9981227,Good,152.3805267
18,Hexane,0,100,Good,100
18,Methyl Palmitate,0.01,106.1855797,Good,105.825254
18,Methyl Palmitate,0.1,128.1587793,Good,121.9717911
18,Methyl Palmitate,1,121.0538231,Good,117.3921175
18,Methyl Palmitate,10,122.7545243,Good,118.5366074
18,Octanoic Acid,0.01,95.2038722,Good,94.96225553
18,Octanoic Acid,0.1,103.1718976,Good,103.0743814
18,Octanoic Acid,1,100.157722,Good,100.1574736
18,Octanoic Acid,10,153.3202863,Good,134.7770589
18,2-Heptanol,0.01,137.2459876,Good,127.1381249
18,2-Heptanol,0.1,116.6475246,Good,114.2716484
18,2-Heptanol,1,120.8245743,Good,117.2353798
18,2-Heptanol,10,113.9729119,Good,112.2598534
18,Methyl Oleate,0.01,108.2785273,Good,107.6455854
18,Methyl Oleate,0.01,91.79951499,Bad,91.06696259
18,Methyl Oleate,0.1,135.1874351,Good,126.0286284
18,Methyl Oleate,1,105.5411248,Good,105.2502044
18,Methyl Oleate,10,114.8800187,Good,112.9526604
18,Hexane,0,100,Good,100
18,Methyl Palmitate,0.01,63.53368006,Good,42.60316747
18,Methyl Palmitate,0.1,96.03618406,Good,95.87258076
18,Methyl Palmitate,1,65.07798456,Good,46.33820381
18,Methyl Palmitate,10,99.7609725,Good,99.76039979
18,2-Heptanone,0.01,27.07528978,Good,-169.3404606
18,2-Heptanone,0.1,56.80669047,Good,23.96439719
18,2-Heptanone,1,71.45560669,Good,60.05296906
18,2-Heptanone,10,92.39034243,Good,91.763579
18,Hexane,0,100,Good,100
18,Methyl Palmitate,0.01,167.2215781,Good,140.1991052
18,Methyl Palmitate,0.1,108.2320745,Good,107.6059473
18,Methyl Palmitate,0.1,70.35491041,Bad,57.86351027
18,Methyl Palmitate,1,147.756129,Good,132.3209124
18,Methyl Palmitate,10,176.6488305,Good,143.3905112
18,2-Nonanal,0.01,82.26156495,Good,78.4365456
18,2-Nonanal,0.1,258.6521662,Good,161.3380388
18,2-Nonanal,1,160.8609627,Good,137.8345135
18,2-Nonanal,10,184.2585158,Good,145.7284242
18,Hexadecanal,0.01,138.2870055,Good,127.6866256
18,Hexadecanal,0.1,122.9054668,Good,118.6366542
18,Hexadecanal,0.1,60.84857784,Bad,35.65762167
18,Hexadecanal,1,188.4233021,Good,146.9280079
18,Hexadecanal,10,140.8503476,Good,129.0026601
18,2-Hydroxyhexanoic Acid (DCM),0.01,62.68233572,Good,40.46542164
18,2-Hydroxyhexanoic Acid (DCM),0.1,97.06391992,Good,96.97510663
18,2-Hydroxyhexanoic Acid (DCM),1,122.7918335,Good,118.5613594
18,2-Hydroxyhexanoic Acid (DCM),10,88.18751323,Good,86.60526151
18,Hexane,0,100,Good,100
18,Methyl Palmitate,0.01,98.01970774,Good,97.97969989
18,Methyl Palmitate,0.1,88.08367703,Good,86.47158774
18,Methyl Palmitate,1,84.20483984,Good,81.24198064
18,Methyl Palmitate,10,80.83442719,Good,76.29033386
18,Benzoic Acid,0.01,141.3302114,Good,129.24372
18,Benzoic Acid,0.1,175.6756765,Good,143.0769233
18,Benzoic Acid,1,85.107475,Good,82.50150765
18,Benzoic Acid,10,125.1659222,Good,120.1060494
18,trans-Nerolidol,0.01,110.3656896,Good,109.3921305
18,trans-Nerolidol,0.1,126.3958418,Good,120.8834732
18,trans-Nerolidol,1,82.82833332,Good,79.26836627
18,trans-Nerolidol,10,144.9467632,Good,131.0091528
18,Butyric Acid,0.01,49.75641909,Good,-0.979093393
18,Butyric Acid,0.1,70.43796041,Good,58.03109656
18,Butyric Acid,1,89.16468845,Good,87.84797913
18,Butyric Acid,10,97.82820591,Good,97.77999191
18,Hexane,0,100,Good,100
18,Methyl Palmitate,0.01,88.97878702,Good,87.61366236
18,Methyl Palmitate,0.1,55.53522961,Bad,19.93411985
18,Methyl Palmitate,0.1,117.4456573,Good,114.8542379
18,Methyl Palmitate,1,74.73541426,Good,66.19462675
18,Methyl Palmitate,10,129.6839397,Good,122.8894494
18,Dodecyl Aldehyde,0.01,106.5166493,Good,106.1179631
18,Dodecyl Aldehyde,0.1,85.45364773,Good,82.97749406
18,Dodecyl Aldehyde,1,132.8016772,Good,124.6997462
18,Dodecyl Aldehyde,10,82.62461106,Good,78.97068595
18,Ethyl Palmitate,0.01,96.92250408,Good,96.82478703
18,Ethyl Palmitate,0.1,102.0893763,Good,102.0466148
18,Ethyl Palmitate,1,94.61895126,Good,94.31292709
18,Ethyl Palmitate,10,112.446897,Good,111.0691334
18,Heptacosane,0.01,145.8432666,Good,131.4332418
18,Heptacosane,0.1,85.64140075,Good,83.23404437
18,Heptacosane,1,150.4729709,Good,133.5428819
18,Heptacosane,10,73.8017439,Bad,64.50184681
18,Heptacosane,10,127.2811796,Good,121.4337891
18,Hexane,0,100,Good,100
18,Methyl Palmitate,0.01,105.6994676,Good,105.3921441
18,Methyl Palmitate,0.1,83.92207974,Good,80.84184722
18,Methyl Palmitate,1,92.46018962,Good,91.84534402
18,Methyl Palmitate,10,68.70842925,Bad,54.45744999
18,Methyl Palmitate,10,109.4067043,Good,108.5979231
18,Octadecanol,0.01,83.96010294,Good,80.89581064
18,Octadecanol,0.1,82.54874498,Good,78.85945446
18,Octadecanol,1,78.31084813,Good,72.30377095
18,Octadecanol,1,50.15871357,Bad,0.632845468
18,Octadecanol,10,107.1653809,Good,106.6862833
18,Geraniol,0.01,100.6217995,Good,100.617957
18,Geraniol,0.1,61.47573016,Bad,37.33418093
18,Geraniol,0.1,74.10544139,Good,65.05714274
18,Geraniol,1,51.27666996,Bad,4.979535371
18,Geraniol,1,88.72345716,Good,87.29023507
18,Geraniol,10,60.54511229,Good,34.83390118
18,Palmitic Acid,10,71.69546217,Good,60.52115856
18,Hexane,0,100,Good,100
18,Methyl Palmitate,0.01,66.99635123,Good,50.73813997
18,Methyl Palmitate,0.01,38.82225344,Bad,-57.58422331
18,Methyl Palmitate,0.01,71.14163787,Good,59.43534196
18,Methyl Palmitate,0.1,50.86256148,Bad,3.391734322
18,Methyl Palmitate,0.1,43.93772024,Bad,-27.59487624
18,Methyl Palmitate,0.1,73.56275591,Good,64.06164537
18,Methyl Palmitate,1,76.19690514,Good,68.76107394
18,Methyl Palmitate,10,66.26576156,Good,49.09250622